[
  {
    "id": "0",
    "name": "Пантеевич Кристина Владимировна",
    "gender": "w",
    "status": "Активный",
    "experience": "13",
    "phone": "+7 900 712 12 12",
    "who": "Высшая категория к.м.н",
    "mainModality": "РГ",
    "additionalModality": "КТ,ММГ,ФЛГ, Денситометрия",
    "bet": "1"
  },
  {
    "id": "1",
    "name": "Лесков Дмитрий Владимирович",
    "gender": "m",
    "status": "В отпуске",
    "experience": "6",
    "phone": "+7 900 712 12 12",
    "who": "Высшая категория к.м.н",
    "mainModality": "КТ",
    "additionalModality": "РГ,ММГ,ФЛГ, Денситометрия",
    "bet": "1"
  },
  {
    "id": "2",
    "name": "Орехова Ирина Викторовна",
    "gender": "w",
    "status": "В отпуске",
    "experience": "6",
    "phone": "+7 900 712 12 12",
    "who": "Высшая категория к.м.н",
    "mainModality": "КТ",
    "additionalModality": "РГ,ММГ,ФЛГ, Денситометрия",
    "bet": "1"
  },
  {
    "id": "3",
    "name": "Ермолаев Илья Юрьевич",
    "gender": "m",
    "status": "Активный",
    "experience": "10",
    "phone": "+7 900 712 12 12",
    "who": "Высшая категория к.м.н",
    "mainModality": "ФЛГ",
    "additionalModality": "РГ,ММГ,ФЛГ, Денситометрия",
    "bet": "1"
  },
  {
    "id": "0",
    "name": "Пантеевич Кристина Владимировна",
    "gender": "w",
    "status": "Активный",
    "experience": "13",
    "phone": "+7 900 712 12 12",
    "who": "Высшая категория к.м.н",
    "mainModality": "РГ",
    "additionalModality": "КТ,ММГ,ФЛГ, Денситометрия",
    "bet": "0.75"
  },
  {
    "id": "1",
    "name": "Лесков Дмитрий Владимирович",
    "gender": "m",
    "status": "Активный",
    "experience": "6",
    "phone": "+7 900 712 12 12",
    "who": "Высшая категория к.м.н",
    "mainModality": "КТ",
    "additionalModality": "РГ,ММГ,ФЛГ, Денситометрия",
    "bet": "0.75"
  },
  {
    "id": "2",
    "name": "Орехова Ирина Викторовна",
    "gender": "w",
    "status": "Активный",
    "experience": "6",
    "phone": "+7 900 712 12 12",
    "who": "Высшая категория к.м.н",
    "mainModality": "КТ",
    "additionalModality": "РГ,ММГ,ФЛГ, Денситометрия",
    "bet": "0.75"
  },
  {
    "id": "3",
    "name": "Ермолаев Илья Юрьевич",
    "gender": "m",
    "status": "Активный",
    "experience": "10",
    "phone": "+7 900 712 12 12",
    "who": "Высшая категория к.м.н",
    "mainModality": "ФЛГ",
    "additionalModality": "РГ,ММГ,ФЛГ, Денситометрия",
    "bet": "0.75"
  }
]