[
    {
        "id": 0,
        "data": {
            "Денситометрия": {
                "quantity": 204
            },
            "KT": [
                {
                    "type": "КТ",
                    "quantity": 204
                },
                {
                    "type": "КТ/1",
                    "quantity": 204
                },
                {
                    "type": "КТ/2",
                    "quantity": 204
                }
            ],
            "MRT": [
                {
                    "type": "МРТ",
                    "quantity": 204
                },
                {
                    "type": "МРТ/1",
                    "quantity": 204
                },
                {
                    "type": "МРТ/2",
                    "quantity": 204
                }
            ]
        }
    }
]